S1	E1	S2	E2	Reference	Contig	IDY	Ambiguous	Best_group
181380	270158	89460	749	NC_001138.5	ptg000001l	99.53		True
local misassembly
143872	181384	127300	89832	NC_001138.5	ptg000001l	98.95		True
translocation
56409	62355	134478	128537	NC_001148.4	ptg000001l	98.12		True
translocation
92443	137736	179712	134479	NC_001138.5	ptg000001l	99.09		True
local misassembly
1	92592	272334	179713	NC_001138.5	ptg000001l	99.95		True
translocation
561734	562385	272335	272986	NC_001140.6	ptg000001l	98.52		True
CONTIG	ptg000001l	273776	misassembled
644968	813183	169234	1051	NC_001134.8	ptg000002l	99.75		True
translocation
817074	823306	175501	169235	NC_001139.9	ptg000002l	97.75		True
translocation
643865	644972	176590	175502	NC_001134.8	ptg000002l	97.31		True
local misassembly
429568	643488	390511	176591	NC_001134.8	ptg000002l	99.92		True
relocation, inconsistency = 1850
265494	427717	552693	390512	NC_001134.8	ptg000002l	99.76		True
relocation, inconsistency = 5922
226973	259571	585296	552694	NC_001134.8	ptg000002l	99.41		True
translocation
84348	84553	585576	585371	NC_001135.5	ptg000002l	98.06		True
local misassembly
84069	84294	585908	585683	NC_001135.5	ptg000002l	97.79		True
translocation
197368	221036	609653	585989	NC_001134.8	ptg000002l	99.43		True
local misassembly
1	197155	807691	610541	NC_001134.8	ptg000002l	99.76		True
CONTIG	ptg000002l	809047	misassembled
856565	945814	89236	1	NC_001148.4	ptg000003l	99.88		True
relocation, inconsistency = 5931
7420	850633	932539	89237	NC_001148.4	ptg000003l	99.88		True
translocation
946819	947152	934772	935105	NC_001144.5	ptg000003l	97.9		True
translocation
554004	554072	940325	940393	NC_001140.6	ptg000003l	98.55		True
indel: indel (<= 5bp)
554074	554517	940394	940837	NC_001140.6	ptg000003l	97.75		True
indel: indel (<= 5bp)
554519	555970	940838	942289	NC_001140.6	ptg000003l	98.07		True
indel: indel (<= 5bp)
555971	556140	942291	942460	NC_001140.6	ptg000003l	97.06		True
translocation
570329	570479	943190	943340	NC_001137.3	ptg000003l	98.68		True
indel: stretch of mismatches
570497	570769	943358	943630	NC_001137.3	ptg000003l	100.0		True
indel: indel (> 5bp)
570791	570905	943631	943745	NC_001137.3	ptg000003l	98.26		True
indel: indel (> 5bp)
570984	571217	943782	944015	NC_001137.3	ptg000003l	99.15		True
local misassembly
571478	571736	944129	944387	NC_001137.3	ptg000003l	97.68		True
indel: indel (> 5bp)
571753	572050	944388	944685	NC_001137.3	ptg000003l	98.66		True
indel: indel (> 5bp)
572113	572876	944715	945478	NC_001137.3	ptg000003l	97.64		True
indel: indel (> 5bp)
572896	573254	945479	945837	NC_001137.3	ptg000003l	99.44		True
indel: indel (> 5bp)
573286	573394	945838	945946	NC_001137.3	ptg000003l	97.25		True
CONTIG	ptg000003l	949288	misassembled
783664	783824	929	769	NC_001146.8	ptg000004l	96.89		True
indel: indel (<= 5bp)
783314	783598	1277	993	NC_001146.8	ptg000004l	95.79		True
translocation
16489	150541	1994	136017	NC_001144.5	ptg000004l	99.62		True
local misassembly
150537	215073	136245	200748	NC_001144.5	ptg000004l	99.44		True
relocation, inconsistency = 5931
221005	461875	200749	441569	NC_001144.5	ptg000004l	99.7		True
CONTIG	ptg000004l	441569	misassembled
1504691	1525206	21293	767	NC_001136.10	ptg000005l	98.63		True
local misassembly
805525	1504480	720099	21294	NC_001136.10	ptg000005l	99.91		True
translocation
823234	823307	720616	720543	NC_001139.9	ptg000005l	95.95		True
indel: indel (<= 5bp)
823086	823195	720763	720654	NC_001139.9	ptg000005l	96.36		True
indel: indel (<= 5bp)
822995	823084	720853	720764	NC_001139.9	ptg000005l	97.78		True
translocation
757983	802913	765917	720885	NC_001136.10	ptg000005l	98.56		True
relocation, inconsistency = -1749
668437	759731	857384	765918	NC_001136.10	ptg000005l	99.19		True
local misassembly
651504	668090	873957	857385	NC_001136.10	ptg000005l	99.14		True
relocation, inconsistency = 6269
628881	645234	890312	873958	NC_001136.10	ptg000005l	99.37		True
local misassembly
544802	628742	974257	890313	NC_001136.10	ptg000005l	99.55		True
local misassembly
535082	544680	983843	974258	NC_001136.10	ptg000005l	96.14		True
relocation, inconsistency = 7705
521270	522926	989950	988294	NC_001136.10	ptg000005l	98.07		True
local misassembly
520819	521108	990428	990139	NC_001136.10	ptg000005l	97.93		True
local misassembly
520109	520389	990836	990556	NC_001136.10	ptg000005l	96.44		True
indel: indel (> 5bp)
519913	520080	991026	990859	NC_001136.10	ptg000005l	95.83		True
translocation
168934	169068	991335	991201	NC_001135.5	ptg000005l	97.78		True
indel: indel (> 5bp)
168759	168933	991524	991350	NC_001135.5	ptg000005l	98.29		True
local misassembly
168391	168585	991881	991687	NC_001135.5	ptg000005l	97.95		True
translocation
513603	513688	992048	991962	NC_001136.10	ptg000005l	97.7		True
local misassembly
11	513258	1505636	992393	NC_001136.10	ptg000005l	99.91		True
CONTIG	ptg000005l	1506376	misassembled
543700	745751	202969	869	NC_001142.9	ptg000006l	99.74		True
local misassembly
541428	543602	205145	202970	NC_001142.9	ptg000006l	98.99		True
local misassembly
540920	541089	205315	205146	NC_001142.9	ptg000006l	97.71		True
translocation
844412	850341	205316	211245	NC_001148.4	ptg000006l	99.22		True
translocation
538440	540923	213704	211246	NC_001142.9	ptg000006l	97.67		True
local misassembly
424601	538102	327189	213705	NC_001142.9	ptg000006l	99.83		True
relocation, inconsistency = -59370
477172	483962	333984	327198	NC_001142.9	ptg000006l	95.76		True
relocation, inconsistency = 52556
204115	424607	554473	333993	NC_001142.9	ptg000006l	99.9		True
local misassembly
203398	203768	555185	554815	NC_001142.9	ptg000006l	98.92		True
translocation
362587	362868	555302	555583	NC_001145.3	ptg000006l	99.7		True
translocation
9	197544	753097	555584	NC_001142.9	ptg000006l	99.29		True
translocation
1065061	1075109	753136	763344	NC_001144.5	ptg000006l	97.66		True
CONTIG	ptg000006l	763344	misassembled
5598	184169	946	179481	NC_001145.3	ptg000007l	99.3		True
relocation, inconsistency = 5919
190089	196331	179482	185742	NC_001145.3	ptg000007l	98.88		True
relocation, inconsistency = 5780
202179	357005	185810	340647	NC_001145.3	ptg000007l	99.85		True
relocation, inconsistency = 5919
362925	372672	340648	350370	NC_001145.3	ptg000007l	98.64		True
translocation
443412	443733	350692	350371	NC_001137.3	ptg000007l	100.0		True
translocation
378622	480879	350731	452980	NC_001145.3	ptg000007l	99.57		True
local misassembly
480881	504554	453319	476991	NC_001145.3	ptg000007l	99.72		True
translocation
56452	62365	476992	482905	NC_001148.4	ptg000007l	99.88		True
translocation
504549	768547	482915	746831	NC_001145.3	ptg000007l	99.63		True
local misassembly
768885	808536	746832	786422	NC_001145.3	ptg000007l	98.75		True
local misassembly
809184	924406	787022	902584	NC_001145.3	ptg000007l	99.33		True
translocation
10744	11195	903215	902764	NC_001144.5	ptg000007l	99.12		True
indel: indel (> 5bp)
10618	10722	903320	903216	NC_001144.5	ptg000007l	98.1		True
indel: indel (> 5bp)
10479	10584	903470	903365	NC_001144.5	ptg000007l	99.06		True
indel: indel (<= 5bp)
9895	10473	904049	903471	NC_001144.5	ptg000007l	99.48		True
indel: indel (<= 5bp)
7943	9894	906002	904051	NC_001144.5	ptg000007l	99.59		True
indel: indel (> 5bp)
7732	7925	906196	906003	NC_001144.5	ptg000007l	98.45		True
local misassembly
7483	7614	906469	906338	NC_001144.5	ptg000007l	96.97		True
indel: indel (> 5bp)
5833	7410	908047	906470	NC_001144.5	ptg000007l	98.8		True
local misassembly
5209	5660	908887	908436	NC_001144.5	ptg000007l	99.12		True
indel: indel (> 5bp)
5083	5187	908992	908888	NC_001144.5	ptg000007l	98.1		True
indel: indel (> 5bp)
4944	5049	909142	909037	NC_001144.5	ptg000007l	99.06		True
indel: indel (<= 5bp)
4360	4938	909721	909143	NC_001144.5	ptg000007l	99.48		True
indel: indel (<= 5bp)
2408	4359	911674	909723	NC_001144.5	ptg000007l	99.59		True
indel: indel (> 5bp)
2197	2390	911868	911675	NC_001144.5	ptg000007l	98.45		True
local misassembly
1993	2079	912096	912010	NC_001144.5	ptg000007l	100.0		True
indel: indel (> 5bp)
1838	1920	912179	912097	NC_001144.5	ptg000007l	97.59		True
local misassembly
14	1676	913902	912233	NC_001144.5	ptg000007l	99.46		True
CONTIG	ptg000007l	914628	misassembled
2591	5783	1	3331	NC_001144.5	ptg000008l	95.9		True
translocation
817050	1090940	277224	3332	NC_001139.9	ptg000008l	100.0		True
translocation
90757	93268	279734	277225	NC_001135.5	ptg000008l	99.8		True
translocation
569073	817392	528049	279735	NC_001139.9	ptg000008l	99.81		True
relocation, inconsistency = -5628
115199	574700	987609	528050	NC_001139.9	ptg000008l	99.88		True
translocation
56452	62720	987676	993870	NC_001148.4	ptg000008l	97.34		True
translocation
73992	115203	1035094	993871	NC_001139.9	ptg000008l	99.29		True
translocation
443398	449320	1035095	1041017	NC_001137.3	ptg000008l	99.8		True
translocation
146	73993	1114917	1041025	NC_001139.9	ptg000008l	98.98		True
translocation
6165	6624	1115686	1115227	NC_001146.8	ptg000008l	99.35		True
indel: indel (> 5bp)
6032	6143	1115798	1115687	NC_001146.8	ptg000008l	98.21		True
indel: indel (> 5bp)
5609	5923	1116155	1115841	NC_001146.8	ptg000008l	100.0		True
local misassembly
5155	5476	1116477	1116156	NC_001146.8	ptg000008l	97.83		True
indel: indel (> 5bp)
4843	5138	1116773	1116478	NC_001146.8	ptg000008l	98.65		True
indel: indel (> 5bp)
4491	4781	1117092	1116802	NC_001146.8	ptg000008l	95.19		True
indel: indel (> 5bp)
4397	4471	1117167	1117093	NC_001146.8	ptg000008l	97.33		True
indel: indel (> 5bp)
4292	4382	1117258	1117168	NC_001146.8	ptg000008l	96.7		True
local misassembly
4018	4125	1117445	1117338	NC_001146.8	ptg000008l	99.07		True
indel: indel (> 5bp)
3639	3998	1117805	1117446	NC_001146.8	ptg000008l	99.72		True
indel: indel (> 5bp)
1651	3607	1119762	1117806	NC_001146.8	ptg000008l	98.98		True
local misassembly
1	1650	1121520	1119871	NC_001146.8	ptg000008l	99.58		True
CONTIG	ptg000008l	1122345	misassembled
557281	562632	5673	234	NC_001140.6	ptg000009l	97.23		True
translocation
464	561	5674	5771	NC_001136.10	ptg000009l	100.0		True
local misassembly
2601	3139	7804	8342	NC_001136.10	ptg000009l	95.9		True
translocation
6793	14677	8343	16229	NC_001137.3	ptg000009l	98.73		True
local misassembly
15001	249929	16230	251123	NC_001137.3	ptg000009l	99.57		True
local misassembly
250276	312201	251124	313013	NC_001137.3	ptg000009l	99.17		True
local misassembly
312197	354203	313351	355344	NC_001137.3	ptg000009l	99.25		True
local misassembly
354731	431489	355838	432512	NC_001137.3	ptg000009l	99.22		True
local misassembly
431828	443369	432513	444050	NC_001137.3	ptg000009l	99.82		True
relocation, inconsistency = 6266
449636	449992	444051	444407	NC_001137.3	ptg000009l	100.0		True
local misassembly
449321	449629	444430	444738	NC_001137.3	ptg000009l	99.35		True
local misassembly
449987	576871	444739	571470	NC_001137.3	ptg000009l	99.66		True
translocation
1	6689	578367	571684	NC_001146.8	ptg000009l	99.87		True
CONTIG	ptg000009l	579659	misassembled
1076129	1090940	15943	912	NC_001139.9	ptg000010l	95.37		True
translocation
801477	804879	19346	15944	NC_001134.8	ptg000010l	99.14		True
translocation
1064389	1068841	26844	22396	NC_001139.9	ptg000010l	98.9		True
translocation
295253	307847	39583	26903	NC_001135.5	ptg000010l	98.67		True
indel: indel (> 5bp)
269997	295259	64872	39584	NC_001135.5	ptg000010l	99.38		True
local misassembly
268858	270061	66395	65204	NC_001135.5	ptg000010l	96.95		True
local misassembly
200851	269184	134803	66396	NC_001135.5	ptg000010l	99.29		True
local misassembly
169207	200103	166342	135446	NC_001135.5	ptg000010l	99.97		True
translocation
844411	850002	171931	166343	NC_001148.4	ptg000010l	99.34		True
translocation
168940	169205	172197	171932	NC_001135.5	ptg000010l	100.0		True
local misassembly
151670	168600	189129	172198	NC_001135.5	ptg000010l	99.95		True
translocation
478051	483952	195050	189149	NC_001142.9	ptg000010l	98.7		True
translocation
82700	148614	260967	195051	NC_001135.5	ptg000010l	99.99		True
translocation
118021	123290	266237	260968	NC_001147.6	ptg000010l	99.4		True
translocation
5	83016	349501	266238	NC_001135.5	ptg000010l	99.51		True
CONTIG	ptg000010l	350316	misassembled
1	117697	874	118617	NC_001147.6	ptg000011l	99.84		True
relocation, inconsistency = 5931
123629	300919	118618	295903	NC_001147.6	ptg000011l	99.89		True
translocation
259578	265494	301817	295904	NC_001134.8	ptg000011l	99.61		True
translocation
300915	385212	301818	386039	NC_001147.6	ptg000011l	99.26		True
local misassembly
385209	594618	386167	595598	NC_001147.6	ptg000011l	99.85		True
local misassembly
594820	595152	595662	595994	NC_001147.6	ptg000011l	99.7		True
local misassembly
594614	594814	595995	596195	NC_001147.6	ptg000011l	96.62		True
relocation, inconsistency = 5919
600734	1091291	596196	1086756	NC_001147.6	ptg000011l	99.98		True
CONTIG	ptg000011l	1087737	misassembled
56729	58441	1	1713	NC_001145.3	ptg000012l	99.88		True
relocation, inconsistency = -59141
6	5477	2419	7810	NC_001145.3	ptg000012l	95.49		True
translocation
550244	556983	15317	8522	NC_001140.6	ptg000012l	95.36		True
translocation
219330	223610	20425	16179	NC_001133.9	ptg000012l	97.24		True
relocation, inconsistency = 10536
207662	208037	21557	21182	NC_001133.9	ptg000012l	98.14		True
indel: indel (> 5bp)
206953	207661	22293	21585	NC_001133.9	ptg000012l	98.59		True
indel: indel (> 5bp)
206837	206952	22427	22312	NC_001133.9	ptg000012l	99.14		True
indel: indel (> 5bp)
206772	206836	22504	22440	NC_001133.9	ptg000012l	95.38		True
local misassembly
206607	206771	22756	22592	NC_001133.9	ptg000012l	99.39		True
local misassembly
203093	203909	26540	25724	NC_001133.9	ptg000012l	96.94		True
indel: indel (<= 5bp)
202901	203091	26731	26541	NC_001133.9	ptg000012l	97.38		True
local misassembly
198710	198850	30895	30755	NC_001133.9	ptg000012l	99.29		True
relocation, inconsistency = -4593
166169	198600	68042	35598	NC_001133.9	ptg000012l	99.59		True
relocation, inconsistency = 5930
27091	160238	201173	68043	NC_001133.9	ptg000012l	99.51		True
relocation, inconsistency = 45932
206581	223445	201584	218594	NC_001133.9	ptg000012l	97.23		True
translocation
553630	554064	224052	224486	NC_001140.6	ptg000012l	97.47		True
indel: indel (> 5bp)
554137	556140	224550	226553	NC_001140.6	ptg000012l	97.75		True
translocation
1064823	1064904	227043	227124	NC_001144.5	ptg000012l	95.12		True
indel: indel (> 5bp)
1064962	1065029	227161	227228	NC_001144.5	ptg000012l	95.59		True
local misassembly
1065153	1065321	227416	227584	NC_001144.5	ptg000012l	100.0		True
indel: indel (<= 5bp)
1065324	1065389	227585	227650	NC_001144.5	ptg000012l	100.0		True
indel: indel (<= 5bp)
1065391	1065532	227651	227792	NC_001144.5	ptg000012l	97.89		True
indel: indel (> 5bp)
1065592	1065706	227858	227972	NC_001144.5	ptg000012l	99.13		True
indel: indel (> 5bp)
1065785	1066096	228009	228320	NC_001144.5	ptg000012l	99.36		True
local misassembly
1066229	1066573	228321	228665	NC_001144.5	ptg000012l	98.55		True
indel: indel (> 5bp)
1066574	1066836	228682	228944	NC_001144.5	ptg000012l	97.72		True
indel: indel (> 5bp)
1066899	1067096	228974	229171	NC_001144.5	ptg000012l	98.99		True
indel: indel (> 5bp)
1067097	1067204	229232	229339	NC_001144.5	ptg000012l	98.15		True
indel: indel (> 5bp)
1067219	1067309	229340	229430	NC_001144.5	ptg000012l	95.6		True
local misassembly
1067468	1067583	229502	229617	NC_001144.5	ptg000012l	100.0		True
indel: indel (> 5bp)
1067603	1067961	229618	229976	NC_001144.5	ptg000012l	99.44		True
indel: indel (> 5bp)
1067993	1069606	229977	231590	NC_001144.5	ptg000012l	98.7		True
indel: indel (> 5bp)
1069607	1069785	231663	231841	NC_001144.5	ptg000012l	96.65		True
translocation
14	1749	234379	232653	NC_001142.9	ptg000012l	97.93		True
CONTIG	ptg000012l	234961	misassembled
455715	472317	1	16599	NC_001144.5	ptg000013l	99.89		True
relocation, inconsistency = 9580
481898	650823	16600	185453	NC_001144.5	ptg000013l	99.85		True
relocation, inconsistency = 5925
656749	657165	185454	185870	NC_001144.5	ptg000013l	96.33		True
translocation
707331	712545	185871	191085	NC_001139.9	ptg000013l	99.31		True
translocation
657018	687947	191086	222004	NC_001144.5	ptg000013l	99.1		True
local misassembly
687944	941191	222345	475544	NC_001144.5	ptg000013l	99.82		True
relocation, inconsistency = 5964
947156	963225	475545	491630	NC_001144.5	ptg000013l	99.29		True
local misassembly
963220	1071649	491963	600392	NC_001144.5	ptg000013l	99.96		True
relocation, inconsistency = -6656
1065034	1074326	600433	609882	NC_001144.5	ptg000013l	97.41		True
CONTIG	ptg000013l	609882	misassembled
157	269	1123	1235	NC_001146.8	ptg000014l	95.58		True
indel: indel (<= 5bp)
301	1898	1263	2860	NC_001146.8	ptg000014l	97.0		True
indel: indel (> 5bp)
1983	5291	2861	6169	NC_001146.8	ptg000014l	98.61		True
indel: indel (> 5bp)
5315	6370	6170	7225	NC_001146.8	ptg000014l	98.67		True
indel: indel (<= 5bp)
6372	6439	7226	7293	NC_001146.8	ptg000014l	98.53		True
indel: indel (> 5bp)
6511	6618	7357	7464	NC_001146.8	ptg000014l	97.22		True
local misassembly
7146	7424	8052	8330	NC_001146.8	ptg000014l	95.34		True
relocation, inconsistency = 774520
782505	782724	9110	8891	NC_001146.8	ptg000014l	95.91		True
indel: indel (> 5bp)
782351	782458	9254	9147	NC_001146.8	ptg000014l	95.37		True
local misassembly
779378	781851	12229	9756	NC_001146.8	ptg000014l	98.38		True
indel: indel (<= 5bp)
779056	779375	12549	12230	NC_001146.8	ptg000014l	95.03		True
relocation, inconsistency = 13657
1	765398	778053	12550	NC_001146.8	ptg000014l	99.79		True
CONTIG	ptg000014l	779044	misassembled
3	1725	341	2083	NC_001141.2	ptg000015l	97.59		True
local misassembly
2371	3995	2969	4593	NC_001141.2	ptg000015l	99.57		True
indel: indel (> 5bp)
4027	4513	4594	5080	NC_001141.2	ptg000015l	99.38		True
local misassembly
4680	4770	5160	5250	NC_001141.2	ptg000015l	95.6		True
indel: indel (> 5bp)
4785	4859	5251	5325	NC_001141.2	ptg000015l	96.0		True
local misassembly
4969	5170	5415	5616	NC_001141.2	ptg000015l	99.5		True
indel: indel (> 5bp)
5232	5527	5645	5940	NC_001141.2	ptg000015l	98.31		True
indel: indel (> 5bp)
5544	5874	5941	6271	NC_001141.2	ptg000015l	99.09		True
translocation
1065785	1066096	6583	6272	NC_001144.5	ptg000015l	99.38		True
indel: indel (<= 5bp)
1065592	1065781	6773	6584	NC_001144.5	ptg000015l	99.47		True
indel: indel (> 5bp)
1065391	1065532	6980	6839	NC_001144.5	ptg000015l	97.89		True
indel: indel (<= 5bp)
1065324	1065389	7046	6981	NC_001144.5	ptg000015l	100.0		True
indel: stretch of mismatches
1065156	1065306	7214	7064	NC_001144.5	ptg000015l	98.68		True
local misassembly
1064817	1064905	7508	7420	NC_001144.5	ptg000015l	95.51		True
local misassembly
1063341	1063467	8991	8865	NC_001144.5	ptg000015l	96.06		True
translocation
11892	85385	9025	82506	NC_001140.6	ptg000015l	99.63		True
relocation, inconsistency = 6568
92128	92298	82681	82851	NC_001140.6	ptg000015l	97.08		True
local misassembly
92314	92580	83236	83502	NC_001140.6	ptg000015l	98.5		True
local misassembly
94982	116424	86121	107554	NC_001140.6	ptg000015l	99.44		True
local misassembly
116762	133253	107555	124048	NC_001140.6	ptg000015l	99.53		True
translocation
941192	947150	130007	124049	NC_001144.5	ptg000015l	99.66		True
translocation
133249	216251	130008	213018	NC_001140.6	ptg000015l	99.77		True
relocation, inconsistency = -3996
212266	548720	213029	549462	NC_001140.6	ptg000015l	99.91		True
local misassembly
548835	562643	549463	563496	NC_001140.6	ptg000015l	97.53		True
CONTIG	ptg000015l	563902	misassembled
1	5853	721	6573	NC_001134.8	ptg000016l	99.08		True
translocation
324541	439818	121853	6574	NC_001141.2	ptg000016l	99.99		True
translocation
645522	651418	121873	127769	NC_001136.10	ptg000016l	99.66		True
translocation
246553	324547	205771	127770	NC_001141.2	ptg000016l	99.65		True
local misassembly
210307	246214	241675	205772	NC_001141.2	ptg000016l	99.78		True
relocation, inconsistency = 5088
197030	205218	249859	241676	NC_001141.2	ptg000016l	99.12		True
local misassembly
78	196653	446620	249860	NC_001141.2	ptg000016l	99.55		True
translocation
1065172	1073379	446644	455016	NC_001144.5	ptg000016l	97.33		True
CONTIG	ptg000016l	455016	misassembled
1084668	1091291	7054	434	NC_001147.6	ptg000017l	99.04		True
translocation
4	666443	673799	7348	NC_001143.9	ptg000017l	99.88		True
translocation
1065155	1065261	673930	674036	NC_001144.5	ptg000017l	97.2		True
indel: indel (> 5bp)
1065324	1065532	674107	674315	NC_001144.5	ptg000017l	99.04		True
indel: indel (> 5bp)
1065592	1065706	674381	674495	NC_001144.5	ptg000017l	99.13		True
indel: indel (> 5bp)
1065785	1066096	674532	674843	NC_001144.5	ptg000017l	99.36		True
local misassembly
1066229	1066573	674844	675188	NC_001144.5	ptg000017l	98.55		True
indel: indel (> 5bp)
1066574	1066836	675205	675467	NC_001144.5	ptg000017l	97.72		True
indel: indel (> 5bp)
1066899	1067096	675497	675694	NC_001144.5	ptg000017l	98.99		True
indel: indel (> 5bp)
1067097	1067204	675755	675862	NC_001144.5	ptg000017l	97.22		True
indel: indel (> 5bp)
1067219	1067309	675863	675953	NC_001144.5	ptg000017l	95.6		True
local misassembly
1067468	1067583	676025	676140	NC_001144.5	ptg000017l	100.0		True
indel: indel (> 5bp)
1067603	1067961	676141	676499	NC_001144.5	ptg000017l	99.72		True
indel: indel (> 5bp)
1067993	1069951	676500	678458	NC_001144.5	ptg000017l	98.83		True
local misassembly
1069952	1071190	678567	679805	NC_001144.5	ptg000017l	99.52		True
indel: indel (<= 5bp)
1071194	1071640	679806	680252	NC_001144.5	ptg000017l	99.11		True
CONTIG	ptg000017l	681017	misassembled
46859	50139	1	3306	NC_001224.1	ptg000018l	95.47		True
relocation, inconsistency = -3642
33183	50500	20767	3307	NC_001224.1	ptg000018l	97.28		True
CONTIG	ptg000018l	21007	misassembled
459793	460591	807	1	NC_001144.5	ptg000019l	99.72		True
relocation, inconsistency = -9137
452835	468929	16912	808	NC_001144.5	ptg000019l	99.84		True
CONTIG	ptg000019l	16912	misassembled
451418	466661	15248	1	NC_001144.5	ptg000020l	99.91		True
relocation, inconsistency = -9137
456006	460554	19810	15249	NC_001144.5	ptg000020l	99.87		True
CONTIG	ptg000020l	19810	misassembled
451822	465198	13390	1	NC_001144.5	ptg000021l	99.87		True
CONTIG	ptg000021l	13390	correct
459793	462274	2483	1	NC_001144.5	ptg000022l	99.91		True
relocation, inconsistency = -9137
451418	468929	19996	2484	NC_001144.5	ptg000022l	99.87		True
relocation, inconsistency = -9137
453705	460554	26849	19997	NC_001144.5	ptg000022l	99.88		True
CONTIG	ptg000022l	26849	misassembled
457830	460554	2	2726	NC_001144.5	ptg000023l	99.92		True
relocation, inconsistency = -9137
451418	466489	2727	17798	NC_001144.5	ptg000023l	99.97		True
CONTIG	ptg000023l	17798	misassembled
452508	467135	14639	1	NC_001144.5	ptg000024l	99.8		True
CONTIG	ptg000024l	14639	correct
45784	45917	234	101	NC_001224.1	ptg000025l	100.0		True
indel: indel (<= 5bp)
45482	45783	541	240	NC_001224.1	ptg000025l	100.0		True
indel: indel (> 5bp)
45297	45441	748	604	NC_001224.1	ptg000025l	98.68		True
relocation, inconsistency = -4862
34885	50106	749	16112	NC_001224.1	ptg000025l	96.95		True
relocation, inconsistency = -15824
34283	50152	16113	32124	NC_001224.1	ptg000025l	97.06		True
relocation, inconsistency = -16593
33767	40609	32332	39226	NC_001224.1	ptg000025l	97.86		True
CONTIG	ptg000025l	39226	misassembled
452326	468929	1	16609	NC_001144.5	ptg000026l	99.95		True
CONTIG	ptg000026l	17051	correct
457677	460554	1	2878	NC_001144.5	ptg000027l	99.85		True
relocation, inconsistency = -9137
451418	468211	2879	19664	NC_001144.5	ptg000027l	99.94		True
CONTIG	ptg000027l	19664	misassembled
1069735	1078177	9555	959	NC_001144.5	ptg000028l	98.21		True
indel: stretch of mismatches
1065034	1069734	14413	9556	NC_001144.5	ptg000028l	96.4		True
relocation, inconsistency = -13315
1065034	1078177	27885	14585	NC_001144.5	ptg000028l	98.06		True
relocation, inconsistency = 1058483
5833	6387	28049	28603	NC_001144.5	ptg000028l	99.64		True
CONTIG	ptg000028l	28603	misassembled
451418	467063	15660	1	NC_001144.5	ptg000029l	99.79		True
relocation, inconsistency = -9137
455447	460554	20795	15661	NC_001144.5	ptg000029l	99.58		True
CONTIG	ptg000029l	20795	misassembled
451825	467568	1	15747	NC_001144.5	ptg000030l	99.96		True
CONTIG	ptg000030l	15747	correct
451418	465867	14454	1	NC_001144.5	ptg000031l	99.66		True
relocation, inconsistency = -9137
459473	460554	15538	14455	NC_001144.5	ptg000031l	99.97		True
CONTIG	ptg000031l	15538	misassembled
459914	460554	1	641	NC_001144.5	ptg000032l	99.91		True
relocation, inconsistency = -9137
451418	465369	642	14593	NC_001144.5	ptg000032l	99.93		True
CONTIG	ptg000032l	14593	misassembled
453305	460554	1	7264	NC_001144.5	ptg000033l	99.41		True
relocation, inconsistency = -9137
451418	468929	7265	24795	NC_001144.5	ptg000033l	99.68		True
relocation, inconsistency = -9137
459793	462007	24796	27017	NC_001144.5	ptg000033l	99.86		True
CONTIG	ptg000033l	27017	misassembled
33242	43296	10114	1	NC_001224.1	ptg000034l	98.46		True
relocation, inconsistency = -9530
33767	44355	10115	20759	NC_001224.1	ptg000034l	98.55		True
CONTIG	ptg000034l	20759	misassembled
CONTIG	ptg000035l	16066	unaligned
451418	468506	17086	1	NC_001144.5	ptg000036l	99.96		True
relocation, inconsistency = -9137
459638	460554	18000	17087	NC_001144.5	ptg000036l	99.9		True
CONTIG	ptg000036l	18000	misassembled
455957	460554	1	4600	NC_001144.5	ptg000037l	99.76		True
relocation, inconsistency = -9137
451418	466290	4601	19482	NC_001144.5	ptg000037l	99.8		True
CONTIG	ptg000037l	19482	misassembled
459793	461836	2040	1	NC_001144.5	ptg000038l	99.72		True
relocation, inconsistency = -9137
451418	468929	19569	2041	NC_001144.5	ptg000038l	99.85		True
relocation, inconsistency = -9137
457317	460554	22811	19570	NC_001144.5	ptg000038l	99.91		True
CONTIG	ptg000038l	22811	misassembled
43415	50139	1	6809	NC_001224.1	ptg000039l	95.36		True
relocation, inconsistency = -7086
43404	50500	13990	6810	NC_001224.1	ptg000039l	95.59		True
CONTIG	ptg000039l	13990	misassembled
1364	7224	1	5861	NC_001142.9	ptg000040l	97.91		True
translocation
6059	14305	5862	14101	NC_001134.8	ptg000040l	99.58		True
CONTIG	ptg000040l	14101	misassembled
452160	468477	16317	1	NC_001144.5	ptg000041l	99.98		True
CONTIG	ptg000041l	16317	correct
458731	460554	1	1825	NC_001144.5	ptg000042l	99.97		True
relocation, inconsistency = -9137
451418	464605	1826	15016	NC_001144.5	ptg000042l	99.95		True
CONTIG	ptg000042l	15016	misassembled
451418	467521	16139	1	NC_001144.5	ptg000043l	99.54		True
relocation, inconsistency = -9137
456191	460554	20516	16140	NC_001144.5	ptg000043l	99.55		True
CONTIG	ptg000043l	20516	misassembled
451418	468929	17690	170	NC_001144.5	ptg000044l	99.83		True
relocation, inconsistency = -9137
453627	460554	24626	17691	NC_001144.5	ptg000044l	99.9		True
CONTIG	ptg000044l	24626	misassembled
457663	460554	1	2887	NC_001144.5	ptg000045l	99.87		True
relocation, inconsistency = -9137
451418	463249	2888	14725	NC_001144.5	ptg000045l	99.91		True
CONTIG	ptg000045l	14725	misassembled
459432	460554	1	1127	NC_001144.5	ptg000046l	99.93		True
relocation, inconsistency = -9137
451418	465210	1128	14946	NC_001144.5	ptg000046l	99.78		True
CONTIG	ptg000046l	14947	misassembled
451418	468606	17198	1	NC_001144.5	ptg000047l	99.83		True
relocation, inconsistency = -9137
459531	460554	18221	17199	NC_001144.5	ptg000047l	99.73		True
CONTIG	ptg000047l	18221	misassembled
452854	468847	2	15987	NC_001144.5	ptg000048l	99.91		True
CONTIG	ptg000048l	15987	correct
454145	468929	1	14775	NC_001144.5	ptg000049l	99.84		True
CONTIG	ptg000049l	14810	correct
